Supplier,Direct Feed
NXP Semiconductors,1
Richtek Technology Corporation,1
STMicroelectronics,1
Chemi-Con,1
HUBER+SUHNER,1
Amphenol Communications Solutions,1
CUI Devices |Same Sky,1
CUI Inc,1
FASTRON GmbH,1
Micron Technology,1
PANJIT International Inc.,1
PHOENIX CONTACT,1
Samsung Electro-Mechanics,1
Samtec,1
"Sanken Electric Co., Ltd",1
Toshiba,1
Transcend Information,1
Vishay,1
Pulse Electronics/Chilisin,1
"Epson America, Inc",1
Schurter,1
4D Systems,1
Amphenol SV Microwave,1
Amphenol Tuchel Industrial GmbH,1
Harwin,1
MASACH TECH LTD,1
"RIGOL Technologies, Inc",1
"Stackpole Electronics, Inc",1
Taiwan Semiconductor,1
"Visual Communications Company, LLC",1
Winbond Electronics,1
"ADVANCED ENERGY INDUSTRIES, INC",1
Amphenol RF,1
Analog Devices,1
Bel Fuse Inc,1
Broadcom Inc,1
Infineon Technologies AG,1
Littelfuse,1
Micro Commercial Components,1
Microchip Technology,1
Molex,1
Murata Manufacturing,1
Nexperia,1
onsemi,1
RECOM Power GmbH,1
Renesas Electronics,1
ROHM Semiconductor,1
Silicon Labs,1
Souriau,1
TDK,1
TE Connectivity,1
Texas Instruments,1
Venkel,1
Western Digital,1
Wuerth Elektronik GmbH & Co. KG,1
